Date,Weekday,Holiday Name,Holiday Type
1-Jan,Monday,New Year's Day,Federal Holiday
1-Jan,Monday,New Year's Eve observed,State holiday
4-Jan,Thursday,World Braille Day,Worldwide observance
6-Jan,Saturday,Epiphany,Christian
7-Jan,Sunday,Orthodox Christmas Day,Orthodox
7-Jan,Sunday,International Programmers' Day,Worldwide observance
12-Jan,Friday,Lee Jackson Day,State holiday
13-Jan,Saturday,Stephen Foster Memorial Day,Observance
14-Jan,Sunday,Orthodox New Year,Orthodox
15-Jan,Monday,Martin Luther King Jr. Day,Federal Holiday
15-Jan,Monday,Robert E Lee's Birthday,State holiday
15-Jan,Monday,State Holiday,State holiday
15-Jan,Monday,Idaho Human Rights Day,State holiday
15-Jan,Monday,Civil Rights Day,State holiday
19-Jan,Friday,Robert E Lee's Birthday,State holiday
19-Jan,Friday,State Holiday,State holiday
21-Jan,Sunday,World Religion Day,Worldwide observance
26-Jan,Friday,International Customs Day,Worldwide observance
27-Jan,Saturday,International Day of Commemoration in Memory of the Victims of the Holocaust,United Nations observance
28-Jan,Sunday,World Leprosy Day,Worldwide observance
29-Jan,Monday,Kansas Day,Observance
31-Jan,Wednesday,Tu Bishvat/Tu B'Shevat,Jewish holiday
1-Feb,Thursday,National Freedom Day,Observance
2-Feb,Friday,World Wetlands Day,Worldwide observance
2-Feb,Friday,Groundhog Day,Observance
2-Feb,Friday,National Wear Red Day,Observance
4-Feb,Sunday,World Cancer Day,United Nations observance
4-Feb,Sunday,Rosa Parks Day,Local observance
6-Feb,Tuesday,International Day of Zero Tolerance for Female Genital Mutilation,United Nations observance
11-Feb,Sunday,World Day of the Sick,Worldwide observance
12-Feb,Monday,Lincoln's Birthday,State holiday
12-Feb,Monday,Lincoln's Birthday,Local observance
13-Feb,Tuesday,Maha Shivaratri,Hindu Holiday
13-Feb,Tuesday,World Radio Day,United Nations observance
13-Feb,Tuesday,Shrove Tuesday/Mardi Gras,State holiday
13-Feb,Tuesday,Shrove Tuesday/Mardi Gras,Observance
13-Feb,Tuesday,Shrove Tuesday/Mardi Gras,Local observance
14-Feb,Wednesday,Ash Wednesday,Christian
14-Feb,Wednesday,Valentine's Day,Observance
14-Feb,Wednesday,Statehood Day in Arizona,Local observance
15-Feb,Thursday,Susan B Anthony's Birthday,Local observance
16-Feb,Friday,Chinese New Year,Observance
19-Feb,Monday,Presidents' Day,Federal Holiday
19-Feb,Monday,Daisy Gatson Bates Day,State holiday
20-Feb,Tuesday,World Day of Social Justice,United Nations observance
21-Feb,Wednesday,International Mother Language Day,United Nations observance
28-Feb,Wednesday,Linus Pauling Day,Local observance
1-Mar,Thursday,Purim,Jewish holiday
1-Mar,Thursday,Zero Discrimination Day,United Nations observance
1-Mar,Thursday,Self-Injury Awareness Day,Worldwide observance
1-Mar,Thursday,St. David's Day,Observance
2-Mar,Friday,Holi,Hindu Holiday
2-Mar,Friday,Texas Independence Day,State holiday
2-Mar,Friday,Read Across America Day,Observance
2-Mar,Friday,Employee Appreciation Day,Observance
3-Mar,Saturday,World Wildlife Day,United Nations observance
5-Mar,Monday,Casimir Pulaski Day,State holiday
6-Mar,Tuesday,Town Meeting Day Vermont,State holiday
8-Mar,Thursday,International Women's Day,United Nations observance
8-Mar,Thursday,World Kidney Day,Worldwide observance
11-Mar,Sunday,Daylight Saving Time starts,Clock change/Daylight Saving Time
16-Mar,Friday,Evacuation Day observed,State holiday
17-Mar,Saturday,St. Patrick's Day,Observance
17-Mar,Saturday,Evacuation Day,State holiday
20-Mar,Tuesday,March equinox,Season
20-Mar,Tuesday,International Day of Happiness,United Nations observance
21-Mar,Wednesday,International Day for the Elimination of Racial Discrimination,United Nations observance
21-Mar,Wednesday,World Poetry Day,United Nations observance
21-Mar,Wednesday,International Day of Nowruz,United Nations observance
21-Mar,Wednesday,World Down Syndrome Day,United Nations observance
21-Mar,Wednesday,International Day of Forests,United Nations observance
22-Mar,Thursday,World Water Day,United Nations observance
23-Mar,Friday,World Meteorological Day,United Nations observance
24-Mar,Saturday,World Tuberculosis Day,United Nations observance
24-Mar,Saturday,International Day for the Right to the Truth concerning Gross Human Rights Violations and for the Dignity of Victims,United Nations observance
25-Mar,Sunday,Palm Sunday,Christian
25-Mar,Sunday,International Day of Remembrance of Slavery Victims and the Transatlantic Slave Trade,United Nations observance
25-Mar,Sunday,International Day of Solidarity with Detained and Missing Staff Members,United Nations observance
25-Mar,Sunday,Maryland Day,Local observance
26-Mar,Monday,Maryland Day observed,Local observance
26-Mar,Monday,Prince Jonah Kuhio Kalanianaole Day,State holiday
26-Mar,Monday,Seward's Day,State holiday
29-Mar,Thursday,Maundy Thursday,Christian
30-Mar,Friday,Good Friday,State holiday
31-Mar,Saturday,Holy Saturday,Christian
31-Mar,Saturday,Passover (first day),Jewish holiday
31-Mar,Saturday,Earth Hour,Worldwide observance
31-Mar,Saturday,C�sar Ch�vez Day,State holiday
1-Apr,Sunday,April Fool's Day,Worldwide observance
1-Apr,Sunday,Easter Sunday,"Observance, Christian"
2-Apr,Monday,World Autism Awareness Day,United Nations observance
2-Apr,Monday,Easter Monday,Christian
2-Apr,Monday,Pascua Florida Day,Local observance
4-Apr,Wednesday,United Nations' Mine Awareness Day,United Nations observance
6-Apr,Friday,Orthodox Good Friday,Orthodox
6-Apr,Friday,International Day of Sport for Development and Peace,United Nations observance
6-Apr,Friday,National Tartan Day,Observance
7-Apr,Saturday,Last Day of Passover,Jewish holiday
7-Apr,Saturday,Orthodox Holy Saturday,Orthodox
7-Apr,Saturday,United Nations' World Health Day,United Nations observance
7-Apr,Saturday,Day of Remembrance of the Victims of the Rwanda Genocide,United Nations observance
8-Apr,Sunday,Orthodox Easter,Orthodox
9-Apr,Monday,Orthodox Easter Monday,Orthodox
10-Apr,Tuesday,National Library Workers' Day,Observance
11-Apr,Wednesday,Yom HaShoah,Jewish holiday
12-Apr,Thursday,International Day of Human Space Flight,United Nations observance
13-Apr,Friday,Isra and Mi'raj,Muslim
13-Apr,Friday,Friday the 13th,Worldwide observance
13-Apr,Friday,Thomas Jefferson's Birthday,Observance
15-Apr,Sunday,Father Damien Day,Local observance
16-Apr,Monday,Emancipation Day,State holiday
16-Apr,Monday,Patriot's Day,State holiday
17-Apr,Tuesday,Tax Day,Observance
18-Apr,Wednesday,International Day for Monuments and Sites,Worldwide observance
19-Apr,Thursday,Yom Ha'atzmaut,Jewish holiday
20-Apr,Friday,Chinese Language Day,United Nations observance
21-Apr,Saturday,San Jacinto Day,State holiday
22-Apr,Sunday,Earth Day,Worldwide observance
22-Apr,Sunday,Oklahoma Day,Local observance
23-Apr,Monday,World Book and Copyright Day,United Nations observance
23-Apr,Monday,English Language Day,United Nations observance
23-Apr,Monday,Confederate Memorial Day,State holiday
23-Apr,Monday,State Holiday,State holiday
25-Apr,Wednesday,World Malaria Day,United Nations observance
25-Apr,Wednesday,Administrative Professionals Day,Observance
26-Apr,Thursday,World Intellectual Property Day,United Nations observance
26-Apr,Thursday,State Holiday,Local observance
26-Apr,Thursday,Take our Daughters and Sons to Work Day,Observance
27-Apr,Friday,Arbor Day,State holiday
28-Apr,Saturday,World Day for Safety and Health at Work,United Nations observance
29-Apr,Sunday,Day of Remembrance for all Victims of Chemical Warfare,United Nations observance
30-Apr,Monday,International Jazz Day,United Nations observance
30-Apr,Monday,State Holiday,State holiday
1-May,Tuesday,Law Day,Observance
1-May,Tuesday,Loyalty Day,Observance
3-May,Thursday,Lag BaOmer,Jewish holiday
3-May,Thursday,World Press Freedom Day,United Nations observance
3-May,Thursday,National Day of Prayer,Observance
4-May,Friday,Kent State Shootings Remembrance,Local observance
4-May,Friday,Rhode Island Independence Day,Local observance
5-May,Saturday,Cinco de Mayo,Observance
5-May,Saturday,National Explosive Ordnance Disposal (EOD) Day,Observance
6-May,Sunday,National Nurses Day,Observance
8-May,Tuesday,Time of Remembrance and Reconciliation for Those Who Lost Their Lives during the Second World War,United Nations observance
8-May,Tuesday,World Ovarian Cancer Day,Worldwide observance
8-May,Tuesday,Truman Day,State holiday
8-May,Tuesday,Primary Election Day West Virginia,State holiday
10-May,Thursday,Ascension Day,Christian
10-May,Thursday,State Holiday,Local observance
10-May,Thursday,State Holiday,State holiday
12-May,Saturday,World Migratory Bird Day,United Nations observance
13-May,Sunday,Mother's Day,Observance
15-May,Tuesday,International Day of Families,United Nations observance
15-May,Tuesday,Peace Officers Memorial Day,Observance
16-May,Wednesday,Ramadan starts,Muslim
17-May,Thursday,World Information Society Day,United Nations observance
18-May,Friday,National Defense Transportation Day,Observance
19-May,Saturday,Armed Forces Day,Observance
20-May,Sunday,Pentecost,Christian
20-May,Sunday,Shavuot,Jewish holiday
20-May,Sunday,World Autoimmune Arthritis Day,Worldwide observance
21-May,Monday,Whit Monday,Christian
21-May,Monday,World Day for Cultural Diversity for Dialogue and Development,United Nations observance
22-May,Tuesday,International Day for Biological Diversity,United Nations observance
22-May,Tuesday,National Maritime Day,Observance
22-May,Tuesday,Harvey Milk Day,Local observance
23-May,Wednesday,International Day to End Obstetric Fistula,United Nations observance
23-May,Wednesday,Emergency Medical Services for Children Day,Observance
25-May,Friday,African Liberation Day,Worldwide observance
25-May,Friday,National Missing Children's Day,Observance
27-May,Sunday,Trinity Sunday,Christian
28-May,Monday,Memorial Day,Federal Holiday
28-May,Monday,Jefferson Davis Birthday,Local observance
29-May,Tuesday,International Day of United Nations Peacekeepers,United Nations observance
29-May,Tuesday,Day of Vesak,United Nations observance
31-May,Thursday,Corpus Christi,Christian
31-May,Thursday,World No Tobacco Day,United Nations observance
1-Jun,Friday,Global Day of Parents,United Nations observance
1-Jun,Friday,Statehood Day,Local observance
3-Jun,Sunday,Jefferson Davis Birthday,Local observance
4-Jun,Monday,International Day of Innocent Children Victims of Aggression,United Nations observance
4-Jun,Monday,Jefferson Davis Birthday,State holiday
5-Jun,Tuesday,World Environment Day,United Nations observance
6-Jun,Wednesday,D-Day,Observance
8-Jun,Friday,World Oceans Day,United Nations observance
10-Jun,Sunday,Lailat al-Qadr,Muslim
11-Jun,Monday,Kamehameha Day,State holiday
12-Jun,Tuesday,World Day Against Child Labour,United Nations observance
14-Jun,Thursday,World Blood Donor Day,United Nations observance
14-Jun,Thursday,Army Birthday,Observance
14-Jun,Thursday,Flag Day,Observance
15-Jun,Friday,Eid al-Fitr,Muslim
15-Jun,Friday,World Elder Abuse Awareness Day,United Nations observance
17-Jun,Sunday,World Day to Combat Desertification and Drought,United Nations observance
17-Jun,Sunday,Father's Day,Observance
17-Jun,Sunday,Bunker Hill Day,State holiday
18-Jun,Monday,Bunker Hill Day observed,State holiday
19-Jun,Tuesday,Juneteenth,Local observance
19-Jun,Tuesday,Emancipation Day,State holiday
20-Jun,Wednesday,World Refugee Day,United Nations observance
20-Jun,Wednesday,West Virginia Day,State holiday
20-Jun,Wednesday,American Eagle Day,Observance
21-Jun,Thursday,June Solstice,Season
21-Jun,Thursday,International Day of Yoga,United Nations observance
23-Jun,Saturday,Public Service Day,United Nations observance
23-Jun,Saturday,International Widows' Day,United Nations observance
25-Jun,Monday,Day of the Seafarer,United Nations observance
26-Jun,Tuesday,International Day Against Drug Abuse and Illicit Trafficking,United Nations observance
26-Jun,Tuesday,International Day in Support of Victims of Torture,United Nations observance
30-Jun,Saturday,International Asteroid Day,United Nations observance
4-Jul,Wednesday,Independence Day,Federal Holiday
7-Jul,Saturday,International Day of Cooperatives,United Nations observance
11-Jul,Wednesday,World Population Day,United Nations observance
13-Jul,Friday,Friday the 13th,Worldwide observance
18-Jul,Wednesday,Nelson Mandela Day,United Nations observance
22-Jul,Sunday,Tisha B'Av,Jewish holiday
22-Jul,Sunday,Parents' Day,Observance
24-Jul,Tuesday,Pioneer Day,State holiday
27-Jul,Friday,National Korean War Veterans Armistice Day,Observance
28-Jul,Saturday,World Hepatitis Day,United Nations observance
30-Jul,Monday,International Day of Friendship,United Nations observance
1-Aug,Wednesday,Colorado Day,Local observance
4-Aug,Saturday,Coast Guard Birthday,Observance
7-Aug,Tuesday,Purple Heart Day,Observance
9-Aug,Thursday,International Day of the World's Indigenous People,United Nations observance
12-Aug,Sunday,International Youth Day,United Nations observance
13-Aug,Monday,Victory Day,State holiday
15-Aug,Wednesday,Assumption of Mary,Christian
16-Aug,Thursday,Bennington Battle Day,State holiday
17-Aug,Friday,Statehood Day in Hawaii,State holiday
19-Aug,Sunday,World Humanitarian Day,United Nations observance
19-Aug,Sunday,National Aviation Day,Observance
21-Aug,Tuesday,Senior Citizens Day,Observance
22-Aug,Wednesday,Eid al-Adha,Muslim
23-Aug,Thursday,International Day for the Remembrance of the Slave Trade and its Abolition,United Nations observance
25-Aug,Saturday,Raksha Bandhan,Hindu Holiday
26-Aug,Sunday,Women's Equality Day,Observance
27-Aug,Monday,Lyndon Baines Johnson Day,State holiday
29-Aug,Wednesday,International Day against Nuclear Tests,United Nations observance
30-Aug,Thursday,International Day of the Victims of Enforced Disappearances,United Nations observance
31-Aug,Friday,International Overdose Awareness Day,Worldwide observance
2-Sep,Sunday,Janmashtami,Hindu Holiday
3-Sep,Monday,Labor Day,Federal Holiday
4-Sep,Tuesday,World Sexual Health Day,Worldwide observance
5-Sep,Wednesday,International Day of Charity,United Nations observance
8-Sep,Saturday,International Literacy Day,United Nations observance
8-Sep,Saturday,Carl Garner Federal Lands Cleanup Day,Observance
9-Sep,Sunday,National Grandparents Day,Observance
9-Sep,Sunday,California Admission Day,Local observance
10-Sep,Monday,Rosh Hashana,State holiday
10-Sep,Monday,Rosh Hashana,Jewish holiday
10-Sep,Monday,World Suicide Prevention Day,United Nations observance
11-Sep,Tuesday,Patriot Day,Observance
12-Sep,Wednesday,Ganesh Chaturthi,Hindu Holiday
12-Sep,Wednesday,Muharram,Muslim
12-Sep,Wednesday,International Day for South-South Cooperation,United Nations observance
13-Sep,Thursday,International Programmers' Day,Worldwide observance
15-Sep,Saturday,International Day of Democracy,United Nations observance
16-Sep,Sunday,International Day for the Preservation of the Ozone Layer,United Nations observance
17-Sep,Monday,Constitution Day and Citizenship Day,Observance
18-Sep,Tuesday,Air Force Birthday,Observance
19-Sep,Wednesday,Yom Kippur,State holiday
19-Sep,Wednesday,Yom Kippur,Jewish holiday
21-Sep,Friday,International Day of Peace,United Nations observance
21-Sep,Friday,National POW/MIA Recognition Day,Observance
22-Sep,Saturday,Emancipation Day,Local observance
23-Sep,Sunday,September equinox,Season
23-Sep,Sunday,International Celebrate Bisexuality Day,Worldwide observance
24-Sep,Monday,First Day of Sukkot,Jewish holiday
26-Sep,Wednesday,World Day against Trafficking Persons,United Nations observance
26-Sep,Wednesday,International Day for the Total Elimination of Nuclear Weapons,United Nations observance
27-Sep,Thursday,World Maritime Day,United Nations observance
27-Sep,Thursday,World Tourism Day,United Nations observance
28-Sep,Friday,World Rabies Day,United Nations observance
28-Sep,Friday,Native Americans' Day,Local observance
29-Sep,Saturday,World Heart Day,United Nations observance
30-Sep,Sunday,Last Day of Sukkot,Jewish holiday
30-Sep,Sunday,Gold Star Mother's Day,Observance
1-Oct,Monday,Shmini Atzeret,Jewish holiday
1-Oct,Monday,International Day of Older Persons,United Nations observance
1-Oct,Monday,World Habitat Day,United Nations observance
1-Oct,Monday,World Vegetarian Day,Worldwide observance
1-Oct,Monday,Child Health Day,Observance
2-Oct,Tuesday,Simchat Torah,Jewish holiday
2-Oct,Tuesday,International Day of Non-Violence,United Nations observance
3-Oct,Wednesday,World Cerebral Palsy Day,Worldwide observance
4-Oct,Thursday,Feast of St Francis of Assisi,Christian
5-Oct,Friday,World Teachers' Day,United Nations observance
8-Oct,Monday,Columbus Day,Local observance
8-Oct,Monday,Columbus Day,Federal Holiday
8-Oct,Monday,Native Americans' Day,Local observance
8-Oct,Monday,Indigenous People's Day,Local observance
8-Oct,Monday,Indigenous People's Day,Local observance
9-Oct,Tuesday,Navaratri,Hindu Holiday
9-Oct,Tuesday,World Post Day,United Nations observance
9-Oct,Tuesday,Leif Erikson Day,Observance
10-Oct,Wednesday,International Day for Natural Disaster Reduction,United Nations observance
10-Oct,Wednesday,World Mental Health Day,United Nations observance
11-Oct,Thursday,World Sight Day,United Nations observance
11-Oct,Thursday,International Day of the Girl Child,United Nations observance
13-Oct,Saturday,Navy Birthday,Observance
15-Oct,Monday,International Day of Rural Women,United Nations observance
15-Oct,Monday,White Cane Safety Day,Observance
16-Oct,Tuesday,World Food Day,United Nations observance
16-Oct,Tuesday,Boss's Day,Observance
17-Oct,Wednesday,International Day for the Eradication of Poverty,United Nations observance
18-Oct,Thursday,Dussehra,Hindu Holiday
18-Oct,Thursday,Alaska Day,State holiday
24-Oct,Wednesday,United Nations Day,United Nations observance
24-Oct,Wednesday,World Development Information Day,United Nations observance
26-Oct,Friday,Nevada Day,State holiday
27-Oct,Saturday,World Day for Audiovisual Heritage,United Nations observance
29-Oct,Monday,World Stroke Day,Worldwide observance
31-Oct,Wednesday,Halloween,Observance
1-Nov,Thursday,All Saints' Day,Christian
1-Nov,Thursday,World Vegan Day,Worldwide observance
2-Nov,Friday,All Souls' Day,Christian
2-Nov,Friday,International Day to End Impunity for Crimes against Journalists,United Nations observance
4-Nov,Sunday,Daylight Saving Time ends,Clock change/Daylight Saving Time
6-Nov,Tuesday,International Day for Preventing the Exploitation of the Environment in War and Armed Conflict,United Nations observance
6-Nov,Tuesday,Election Day,State holiday
6-Nov,Tuesday,Diwali/Deepavali,Observance
8-Nov,Thursday,Return Day Delaware,State holiday
10-Nov,Saturday,World Science Day for Peace and Development,United Nations observance
10-Nov,Saturday,Marine Corps Birthday,Observance
11-Nov,Sunday,Veterans Day,Federal Holiday
12-Nov,Monday,World Pneumonia Day,United Nations observance
12-Nov,Monday,Veterans Day (observed),Federal Holiday
14-Nov,Wednesday,World Diabetes Day,United Nations observance
15-Nov,Thursday,World Philosophy Day,United Nations observance
16-Nov,Friday,International Day for Tolerance,United Nations observance
17-Nov,Saturday,World Prematurity Day,Worldwide observance
18-Nov,Sunday,World Day of Remembrance for Road Traffic Victims,United Nations observance
19-Nov,Monday,World Toilet Day,United Nations observance
19-Nov,Monday,International Men's Day,Worldwide observance
20-Nov,Tuesday,Universal Children's Day,United Nations observance
20-Nov,Tuesday,Africa Industrialization Day,United Nations observance
21-Nov,Wednesday,The Prophet's Birthday,Muslim
21-Nov,Wednesday,World Television Day,United Nations observance
22-Nov,Thursday,Thanksgiving Day,Federal Holiday
23-Nov,Friday,State Holiday,State holiday
23-Nov,Friday,Presidents' Day,State holiday
23-Nov,Friday,Lincoln's Birthday/Lincoln's Day,State holiday
23-Nov,Friday,Black Friday,State holiday
23-Nov,Friday,American Indian Heritage Day,State holiday
25-Nov,Sunday,International Day for the Elimination of Violence against Women,United Nations observance
26-Nov,Monday,Cyber Monday,Observance
29-Nov,Thursday,International Day of Solidarity with the Palestinian People,United Nations observance
1-Dec,Saturday,World AIDS Day,United Nations observance
2-Dec,Sunday,First Sunday of Advent,Christian
2-Dec,Sunday,International Day for the Abolition of Slavery,United Nations observance
3-Dec,Monday,Chanukah/Hanukkah (first day),Jewish holiday
3-Dec,Monday,International Day of Persons with Disabilities,United Nations observance
5-Dec,Wednesday,International Volunteer Day for Economic and Social Development,United Nations observance
5-Dec,Wednesday,World Soil Day,United Nations observance
6-Dec,Thursday,St Nicholas' Day,Observance
7-Dec,Friday,International Civil Aviation Day,United Nations observance
7-Dec,Friday,Pearl Harbor Remembrance Day,Observance
8-Dec,Saturday,Feast of the Immaculate Conception,Christian
9-Dec,Sunday,International Anti-Corruption Day,United Nations observance
10-Dec,Monday,Last Day of Chanukah,Jewish holiday
10-Dec,Monday,Human Rights Day,United Nations observance
11-Dec,Tuesday,International Mountain Day,United Nations observance
12-Dec,Wednesday,Feast of Our Lady of Guadalupe,Observance
13-Dec,Thursday,National Guard Birthday,Observance
17-Dec,Monday,Pan American Aviation Day,Observance
17-Dec,Monday,Wright Brothers Day,Observance
18-Dec,Tuesday,International Migrants Day,United Nations observance
18-Dec,Tuesday,Arabic Language Day,United Nations observance
20-Dec,Thursday,International Human Solidarity Day,United Nations observance
21-Dec,Friday,December Solstice,Season
24-Dec,Monday,Christmas Eve,"Observance, Christian"
24-Dec,Monday,Christmas Eve,State holiday
25-Dec,Tuesday,Christmas Day,Federal Holiday
26-Dec,Wednesday,Kwanzaa (until Jan 1),Observance
26-Dec,Wednesday,Day After Christmas Day,State holiday
31-Dec,Monday,New Year's Eve,Observance
31-Dec,Monday,New Year's Eve,State holiday